{
    "name": "root",
    "gauges": {
        "rise_behavior.Policy.Entropy.mean": {
            "value": 1.4198660850524902,
            "min": 1.4189382791519165,
            "max": 1.4198660850524902,
            "count": 11
        },
        "rise_behavior.Policy.Entropy.sum": {
            "value": 1414.1866455078125,
            "min": 1387.7216796875,
            "max": 1438.803466796875,
            "count": 11
        },
        "rise_behavior.Environment.EpisodeLength.mean": {
            "value": 0.33111702127659576,
            "min": 0.3201058201058201,
            "max": 2.537102473498233,
            "count": 11
        },
        "rise_behavior.Environment.EpisodeLength.sum": {
            "value": 249.0,
            "min": 242.0,
            "max": 718.0,
            "count": 11
        },
        "rise_behavior.Step.mean": {
            "value": 10977.0,
            "min": 997.0,
            "max": 10977.0,
            "count": 11
        },
        "rise_behavior.Step.sum": {
            "value": 10977.0,
            "min": 997.0,
            "max": 10977.0,
            "count": 11
        },
        "rise_behavior.Policy.ExtrinsicValueEstimate.mean": {
            "value": -0.6056614518165588,
            "min": -0.6056614518165588,
            "max": -0.11596328765153885,
            "count": 11
        },
        "rise_behavior.Policy.ExtrinsicValueEstimate.sum": {
            "value": -456.6687316894531,
            "min": -456.6687316894531,
            "max": -50.391197204589844,
            "count": 11
        },
        "rise_behavior.Environment.CumulativeReward.mean": {
            "value": -1.2390519880173376,
            "min": -1.4840360300760742,
            "max": -1.2065539636838405,
            "count": 11
        },
        "rise_behavior.Environment.CumulativeReward.sum": {
            "value": -934.2451989650726,
            "min": -938.1812351942062,
            "max": -418.49816048145294,
            "count": 11
        },
        "rise_behavior.Policy.ExtrinsicReward.mean": {
            "value": -1.2390519880173376,
            "min": -1.4840360300760742,
            "max": -1.2065539636838405,
            "count": 11
        },
        "rise_behavior.Policy.ExtrinsicReward.sum": {
            "value": -934.2451989650726,
            "min": -938.1812351942062,
            "max": -418.49816048145294,
            "count": 11
        },
        "rise_behavior.IsTraining.mean": {
            "value": 1.0,
            "min": 1.0,
            "max": 1.0,
            "count": 11
        },
        "rise_behavior.IsTraining.sum": {
            "value": 1.0,
            "min": 1.0,
            "max": 1.0,
            "count": 11
        },
        "rise_behavior.Losses.PolicyLoss.mean": {
            "value": 0.02270481649854143,
            "min": 0.02270481649854143,
            "max": 0.02270481649854143,
            "count": 1
        },
        "rise_behavior.Losses.PolicyLoss.sum": {
            "value": 0.02270481649854143,
            "min": 0.02270481649854143,
            "max": 0.02270481649854143,
            "count": 1
        },
        "rise_behavior.Losses.ValueLoss.mean": {
            "value": 6.715704679489136,
            "min": 6.715704679489136,
            "max": 6.715704679489136,
            "count": 1
        },
        "rise_behavior.Losses.ValueLoss.sum": {
            "value": 6.715704679489136,
            "min": 6.715704679489136,
            "max": 6.715704679489136,
            "count": 1
        },
        "rise_behavior.Policy.LearningRate.mean": {
            "value": 0.0002938548020483999,
            "min": 0.0002938548020483999,
            "max": 0.0002938548020483999,
            "count": 1
        },
        "rise_behavior.Policy.LearningRate.sum": {
            "value": 0.0002938548020483999,
            "min": 0.0002938548020483999,
            "max": 0.0002938548020483999,
            "count": 1
        },
        "rise_behavior.Policy.Epsilon.mean": {
            "value": 0.19795159999999995,
            "min": 0.19795159999999995,
            "max": 0.19795159999999995,
            "count": 1
        },
        "rise_behavior.Policy.Epsilon.sum": {
            "value": 0.19795159999999995,
            "min": 0.19795159999999995,
            "max": 0.19795159999999995,
            "count": 1
        },
        "rise_behavior.Policy.Beta.mean": {
            "value": 0.00048996284,
            "min": 0.00048996284,
            "max": 0.00048996284,
            "count": 1
        },
        "rise_behavior.Policy.Beta.sum": {
            "value": 0.00048996284,
            "min": 0.00048996284,
            "max": 0.00048996284,
            "count": 1
        }
    },
    "metadata": {
        "timer_format_version": "0.1.0",
        "start_time_seconds": "1754261634",
        "python_version": "3.10.12 (main, Jul  5 2023, 15:02:25) [Clang 14.0.6 ]",
        "command_line_arguments": "/Users/sebastianofiorese/miniconda3/envs/mlagents/bin/mlagents-learn configs/arm_config.yaml --run-id=arm_3",
        "mlagents_version": "1.1.0",
        "mlagents_envs_version": "1.1.0",
        "communication_protocol_version": "1.5.0",
        "pytorch_version": "2.1.1",
        "numpy_version": "1.23.5",
        "end_time_seconds": "1754261678"
    },
    "total": 44.04008791697561,
    "count": 1,
    "self": 0.0021402929560281336,
    "children": {
        "run_training.setup": {
            "total": 0.013882458006264642,
            "count": 1,
            "self": 0.013882458006264642
        },
        "TrainerController.start_learning": {
            "total": 44.024065166013315,
            "count": 1,
            "self": 0.023188084771391004,
            "children": {
                "TrainerController._reset_env": {
                    "total": 5.208771957986755,
                    "count": 1,
                    "self": 5.208771957986755
                },
                "TrainerController.advance": {
                    "total": 38.75533966423245,
                    "count": 4590,
                    "self": 0.020885170000838116,
                    "children": {
                        "env_step": {
                            "total": 36.41900408649235,
                            "count": 4590,
                            "self": 36.071750306582544,
                            "children": {
                                "SubprocessEnvManager._take_step": {
                                    "total": 0.33284374911454506,
                                    "count": 4590,
                                    "self": 0.02752104587852955,
                                    "children": {
                                        "TorchPolicy.evaluate": {
                                            "total": 0.3053227032360155,
                                            "count": 1837,
                                            "self": 0.3053227032360155
                                        }
                                    }
                                },
                                "workers": {
                                    "total": 0.014410030795261264,
                                    "count": 4589,
                                    "self": 0.0,
                                    "children": {
                                        "worker_root": {
                                            "total": 33.859254524082644,
                                            "count": 4589,
                                            "is_parallel": true,
                                            "self": 3.871172100713011,
                                            "children": {
                                                "steps_from_proto": {
                                                    "total": 0.001650833000894636,
                                                    "count": 1,