{
    "name": "root",
    "gauges": {
        "rise_behavior.Policy.Entropy.mean": {
            "value": 1.418938398361206,
            "min": 1.418938398361206,
            "max": 1.4189386367797852,
            "count": 4
        },
        "rise_behavior.Policy.Entropy.sum": {
            "value": 173.11048889160156,
            "min": 173.11048889160156,
            "max": 483.8580627441406,
            "count": 4
        },
        "rise_behavior.Environment.EpisodeLength.mean": {
            "value": 25.166666666666668,
            "min": 22.166666666666668,
            "max": 39.8,
            "count": 4
        },
        "rise_behavior.Environment.EpisodeLength.sum": {
            "value": 151.0,
            "min": 133.0,
            "max": 257.0,
            "count": 4
        },
        "rise_behavior.Step.mean": {
            "value": 794.0,
            "min": 143.0,
            "max": 794.0,
            "count": 4
        },
        "rise_behavior.Step.sum": {
            "value": 794.0,
            "min": 143.0,
            "max": 794.0,
            "count": 4
        },
        "rise_behavior.Policy.ExtrinsicValueEstimate.mean": {
            "value": 0.07523459196090698,
            "min": 0.03127383440732956,
            "max": 0.09293115139007568,
            "count": 4
        },
        "rise_behavior.Policy.ExtrinsicValueEstimate.sum": {
            "value": 0.5266421437263489,
            "min": 0.21891683340072632,
            "max": 0.7434492111206055,
            "count": 4
        },
        "rise_behavior.Environment.CumulativeReward.mean": {
            "value": 3542.3410441080728,
            "min": 3542.3410441080728,
            "max": 5639.5101318359375,
            "count": 4
        },
        "rise_behavior.Environment.CumulativeReward.sum": {
            "value": 21254.046264648438,
            "min": 21254.046264648438,
            "max": 37386.23114013672,
            "count": 4
        },
        "rise_behavior.Policy.ExtrinsicReward.mean": {
            "value": 3542.3410441080728,
            "min": 3542.3410441080728,
            "max": 5639.5101318359375,
            "count": 4
        },
        "rise_behavior.Policy.ExtrinsicReward.sum": {
            "value": 21254.046264648438,
            "min": 21254.046264648438,
            "max": 37386.23114013672,
            "count": 4
        },
        "rise_behavior.IsTraining.mean": {
            "value": 1.0,
            "min": 1.0,
            "max": 1.0,
            "count": 4
        },
        "rise_behavior.IsTraining.sum": {
            "value": 1.0,
            "min": 1.0,
            "max": 1.0,
            "count": 4
        }
    },
    "metadata": {
        "timer_format_version": "0.1.0",
        "start_time_seconds": "1754301352",
        "python_version": "3.10.12 (main, Jul  5 2023, 15:02:25) [Clang 14.0.6 ]",
        "command_line_arguments": "/Users/sebastianofiorese/miniconda3/envs/mlagents/bin/mlagents-learn configs/arm_config.yaml --run-id=arm7",
        "mlagents_version": "1.1.0",
        "mlagents_envs_version": "1.1.0",
        "communication_protocol_version": "1.5.0",
        "pytorch_version": "2.1.1",
        "numpy_version": "1.23.5",
        "end_time_seconds": "1754301570"
    },
    "total": 218.91314566699975,
    "count": 1,
    "self": 0.002755250999598502,
    "children": {
        "run_training.setup": {
            "total": 0.011827875000108179,
            "count": 1,
            "self": 0.011827875000108179
        },
        "TrainerController.start_learning": {
            "total": 218.89856254100005,
            "count": 1,
            "self": 0.0028727920027904474,
            "children": {
                "TrainerController._reset_env": {
                    "total": 6.388504208999848,
                    "count": 1,
                    "self": 6.388504208999848
                },
                "TrainerController.advance": {
                    "total": 212.46904341499703,
                    "count": 348,
                    "self": 0.0025355909986046754,
                    "children": {
                        "env_step": {
                            "total": 212.4281110749978,
                            "count": 348,
                            "self": 212.3252487109985,
                            "children": {
                                "SubprocessEnvManager._take_step": {
                                    "total": 0.10097995199953402,
                                    "count": 348,
                                    "self": 0.006689248000384396,
                                    "children": {
                                        "TorchPolicy.evaluate": {
                                            "total": 0.09429070399914963,
                                            "count": 322,
                                            "self": 0.09429070399914963
                                        }
                                    }
                                },
                                "workers": {
                                    "total": 0.001882411999758915,
                                    "count": 347,
                                    "self": 0.0,
                                    "children": {
                                        "worker_root": {
                                            "total": 103.47780948400077,
                                            "count": 347,
                                            "is_parallel": true,
                                            "self": 0.44511219500122934,
                                            "children": {
                                                "steps_from_proto": {
                                                    "total": 0.00032720800004426565,
                                                    "count": 1,
                                                    "is_parallel": true,
                                                    "self": 0.00011333300017213332,
                                                    "children": {
                                                        "_process_rank_one_or_two_observation": {
                                                            "total": 0.00021387499987213232,
                                                            "count": 2,
                                                            "is_parallel": true,
                                                            "self": 0.00021387499987213232
                                                        }
                                                    }
                                                },
                                                "UnityEnvironment.step": {
                                                    "total": 103.0323700809995,
                                                    "count": 347,
                                                    "is_parallel": true,
                                                    "self": 0.008181619995639267,
                                                    "children": {
                                                        "UnityEnvironment._generate_step_input": {
                                                            "total": 0.026019795001730017,
                                                            "count": 347,
                                                            "is_parallel": true,
                                                            "self": 0.026019795001730017
                                                        },
                                                        "communicator.exchange": {
                                                            "total": 102.96961871200278,
                                                            "count": 347,
                                                            "is_parallel": true,