{
    "name": "root",
    "gauges": {
        "rise_behavior.Policy.Entropy.mean": {
            "value": 1.4189386367797852,
            "min": 1.4189382791519165,
            "max": 1.4189386367797852,
            "count": 12
        },
        "rise_behavior.Policy.Entropy.sum": {
            "value": 258.246826171875,
            "min": 198.65139770507812,
            "max": 526.4262084960938,
            "count": 12
        },
        "rise_behavior.Environment.EpisodeLength.mean": {
            "value": 17.363636363636363,
            "min": 14.285714285714286,
            "max": 51.75,
            "count": 12
        },
        "rise_behavior.Environment.EpisodeLength.sum": {
            "value": 191.0,
            "min": 110.0,
            "max": 273.0,
            "count": 12
        },
        "rise_behavior.Step.mean": {
            "value": 2397.0,
            "min": 169.0,
            "max": 2397.0,
            "count": 12
        },
        "rise_behavior.Step.sum": {
            "value": 2397.0,
            "min": 169.0,
            "max": 2397.0,
            "count": 12
        },
        "rise_behavior.Policy.ExtrinsicValueEstimate.mean": {
            "value": 0.07644137740135193,
            "min": 0.037668339908123016,
            "max": 0.1294524073600769,
            "count": 12
        },
        "rise_behavior.Policy.ExtrinsicValueEstimate.sum": {
            "value": 0.9937378764152527,
            "min": 0.33901506662368774,
            "max": 1.682881236076355,
            "count": 12
        },
        "rise_behavior.Environment.CumulativeReward.mean": {
            "value": 2549.7120666503906,
            "min": 2158.2085735614482,
            "max": 9548.922035217285,
            "count": 12
        },
        "rise_behavior.Environment.CumulativeReward.sum": {
            "value": 28046.832733154297,
            "min": 20082.764526367188,
            "max": 57293.53221130371,
            "count": 12
        },
        "rise_behavior.Policy.ExtrinsicReward.mean": {
            "value": 2549.7120666503906,
            "min": 2158.2085735614482,
            "max": 9548.922035217285,
            "count": 12
        },
        "rise_behavior.Policy.ExtrinsicReward.sum": {
            "value": 28046.832733154297,
            "min": 20082.764526367188,
            "max": 57293.53221130371,
            "count": 12
        },
        "rise_behavior.IsTraining.mean": {
            "value": 1.0,
            "min": 1.0,
            "max": 1.0,
            "count": 12
        },
        "rise_behavior.IsTraining.sum": {
            "value": 1.0,
            "min": 1.0,
            "max": 1.0,
            "count": 12
        }
    },
    "metadata": {
        "timer_format_version": "0.1.0",
        "start_time_seconds": "1754303042",
        "python_version": "3.10.12 (main, Jul  5 2023, 15:02:25) [Clang 14.0.6 ]",
        "command_line_arguments": "/Users/sebastianofiorese/miniconda3/envs/mlagents/bin/mlagents-learn configs/arm_config.yaml --run-id=arm12",
        "mlagents_version": "1.1.0",
        "mlagents_envs_version": "1.1.0",
        "communication_protocol_version": "1.5.0",
        "pytorch_version": "2.1.1",
        "numpy_version": "1.23.5",
        "end_time_seconds": "1754303295"
    },
    "total": 253.3264086250001,
    "count": 1,
    "self": 0.005432959000245319,
    "children": {
        "run_training.setup": {
            "total": 0.011145208000016282,
            "count": 1,
            "self": 0.011145208000016282
        },
        "TrainerController.start_learning": {
            "total": 253.30983045799985,
            "count": 1,
            "self": 0.011057084000185569,
            "children": {
                "TrainerController._reset_env": {
                    "total": 5.2292929170002935,
                    "count": 1,
                    "self": 5.2292929170002935
                },
                "TrainerController.advance": {
                    "total": 247.96162620699943,
                    "count": 989,
                    "self": 0.007880266990923701,
                    "children": {
                        "env_step": {
                            "total": 247.81758815400008,
                            "count": 989,
                            "self": 247.4817448140052,
                            "children": {
                                "SubprocessEnvManager._take_step": {
                                    "total": 0.3299035300015021,
                                    "count": 989,
                                    "self": 0.02022249700894463,
                                    "children": {
                                        "TorchPolicy.evaluate": {
                                            "total": 0.30968103299255745,
                                            "count": 886,
                                            "self": 0.30968103299255745
                                        }
                                    }
                                },
                                "workers": {
                                    "total": 0.005939809993378731,
                                    "count": 988,
                                    "self": 0.0,
                                    "children": {
                                        "worker_root": {
                                            "total": 212.84615015699228,
                                            "count": 988,
                                            "is_parallel": true,
                                            "self": 1.0078951269833851,
                                            "children": {
                                                "steps_from_proto": {
                                                    "total": 0.00039045899984557764,
                                                    "count": 1,
                                                    "is_parallel": true,
                                                    "self": 0.00013750100015386124,
                                                    "children": {
                                                        "_process_rank_one_or_two_observation": {
                                                            "total": 0.0002529579996917164,
                                                            "count": 2,
                                                            "is_parallel": true,
                                                            "self": 0.0002529579996917164
                                                        }
                                                    }
                                                },
                                                "UnityEnvironment.step": {
                                                    "total": 211.83786457100905,
                                                    "count": 988,
                                                    "is_parallel": true,
                                                    "self": 0.02614594200213105,
                                                    "children": {
                                                        "UnityEnvironment._generate_step_input": {
                                                            "total": 0.07895654600497437,
                                                            "count": 988,
                                                            "is_parallel": true,
                                                            "self": 0.07895654600497437
                                                        },
                                                        "communicator.exchange": {
                                                            "total": 211.64458971699332,
                                                            "count": 988,
                                                            "is_parallel": true,