{
    "name": "root",
    "gauges": {
        "rise_behavior.Policy.Entropy.mean": {
            "value": 1.4189382791519165,
            "min": 1.4189382791519165,
            "max": 1.4189386367797852,
            "count": 8
        },
        "rise_behavior.Policy.Entropy.sum": {
            "value": 340.5451965332031,
            "min": 272.4361877441406,
            "max": 340.5451965332031,
            "count": 8
        },
        "rise_behavior.Environment.EpisodeLength.mean": {
            "value": 1.1368421052631579,
            "min": 0.9900990099009901,
            "max": 1.288888888888889,
            "count": 8
        },
        "rise_behavior.Environment.EpisodeLength.sum": {
            "value": 108.0,
            "min": 100.0,
            "max": 116.0,
            "count": 8
        },
        "rise_behavior.Step.mean": {
            "value": 1596.0,
            "min": 199.0,
            "max": 1596.0,
            "count": 8
        },
        "rise_behavior.Step.sum": {
            "value": 1596.0,
            "min": 199.0,
            "max": 1596.0,
            "count": 8
        },
        "rise_behavior.Policy.ExtrinsicValueEstimate.mean": {
            "value": 0.02587556652724743,
            "min": 0.01126759871840477,
            "max": 0.0906650722026825,
            "count": 8
        },
        "rise_behavior.Policy.ExtrinsicValueEstimate.sum": {
            "value": 2.458178758621216,
            "min": 1.0140838623046875,
            "max": 8.3411865234375,
            "count": 8
        },
        "rise_behavior.Environment.CumulativeReward.mean": {
            "value": 78.67256429571854,
            "min": 73.40142293930053,
            "max": 93.00769848293729,
            "count": 8
        },
        "rise_behavior.Environment.CumulativeReward.sum": {
            "value": 7473.893608093262,
            "min": 7340.142293930054,
            "max": 8370.692863464355,
            "count": 8
        },
        "rise_behavior.Policy.ExtrinsicReward.mean": {
            "value": 78.67256429571854,
            "min": 73.40142293930053,
            "max": 93.00769848293729,
            "count": 8
        },
        "rise_behavior.Policy.ExtrinsicReward.sum": {
            "value": 7473.893608093262,
            "min": 7340.142293930054,
            "max": 8370.692863464355,
            "count": 8
        },
        "rise_behavior.IsTraining.mean": {
            "value": 1.0,
            "min": 1.0,
            "max": 1.0,
            "count": 8
        },
        "rise_behavior.IsTraining.sum": {
            "value": 1.0,
            "min": 1.0,
            "max": 1.0,
            "count": 8
        }
    },
    "metadata": {
        "timer_format_version": "0.1.0",
        "start_time_seconds": "1754300346",
        "python_version": "3.10.12 (main, Jul  5 2023, 15:02:25) [Clang 14.0.6 ]",
        "command_line_arguments": "/Users/sebastianofiorese/miniconda3/envs/mlagents/bin/mlagents-learn configs/arm_config.yaml --run-id=arm2",
        "mlagents_version": "1.1.0",
        "mlagents_envs_version": "1.1.0",
        "communication_protocol_version": "1.5.0",
        "pytorch_version": "2.1.1",
        "numpy_version": "1.23.5",
        "end_time_seconds": "1754300453"
    },
    "total": 107.41940983300003,
    "count": 1,
    "self": 0.0025335410000479897,
    "children": {
        "run_training.setup": {
            "total": 0.01740487500001109,
            "count": 1,
            "self": 0.01740487500001109
        },
        "TrainerController.start_learning": {
            "total": 107.39947141699997,
            "count": 1,
            "self": 0.008011133999957565,
            "children": {
                "TrainerController._reset_env": {
                    "total": 9.665107707999937,
                    "count": 1,
                    "self": 9.665107707999937
                },
                "TrainerController.advance": {
                    "total": 97.69050590900008,
                    "count": 1052,
                    "self": 0.006995715998982632,
                    "children": {
                        "env_step": {
                            "total": 97.28145301400218,
                            "count": 1052,
                            "self": 97.1725639650025,
                            "children": {
                                "SubprocessEnvManager._take_step": {
                                    "total": 0.10392825799920047,
                                    "count": 1052,
                                    "self": 0.007180205999247846,
                                    "children": {
                                        "TorchPolicy.evaluate": {
                                            "total": 0.09674805199995262,
                                            "count": 283,
                                            "self": 0.09674805199995262
                                        }
                                    }
                                },
                                "workers": {
                                    "total": 0.004960791000485187,
                                    "count": 1051,
                                    "self": 0.0,
                                    "children": {
                                        "worker_root": {
                                            "total": 88.05594381800029,
                                            "count": 1051,
                                            "is_parallel": true,
                                            "self": 1.0137676440001542,
                                            "children": {
                                                "steps_from_proto": {
                                                    "total": 0.0006451659999129333,
                                                    "count": 1,
                                                    "is_parallel": true,
                                                    "self": 0.0001871659999324038,
                                                    "children": {
                                                        "_process_rank_one_or_two_observation": {
                                                            "total": 0.00045799999998052954,
                                                            "count": 2,
                                                            "is_parallel": true,
                                                            "self": 0.00045799999998052954
                                                        }
                                                    }
                                                },
                                                "UnityEnvironment.step": {
                                                    "total": 87.04153100800022,
                                                    "count": 1051,
                                                    "is_parallel": true,
                                                    "self": 0.025547241994104297,
                                                    "children": {
                                                        "UnityEnvironment._generate_step_input": {
                                                            "total": 0.04561675300351453,
                                                            "count": 1051,
                                                            "is_parallel": true,
                                                            "self": 0.04561675300351453
                                                        },
                                                        "communicator.exchange": {
                                                            "total": 86.89897313200288,
                                                            "count": 1051,
                                                            "is_parallel": true,