{
    "name": "root",
    "metadata": {
        "timer_format_version": "0.1.0",
        "start_time_seconds": "1754298981",
        "python_version": "3.10.12 (main, Jul  5 2023, 15:02:25) [Clang 14.0.6 ]",
        "command_line_arguments": "/Users/sebastianofiorese/miniconda3/envs/mlagents/bin/mlagents-learn configs/arm_config.yaml --run-id=arm1",
        "mlagents_version": "1.1.0",
        "mlagents_envs_version": "1.1.0",
        "communication_protocol_version": "1.5.0",
        "pytorch_version": "2.1.1",
        "numpy_version": "1.23.5",
        "end_time_seconds": "1754299035"
    },
    "total": 54.672422125000594,
    "count": 1,
    "self": 0.0026778750006997143,
    "children": {
        "run_training.setup": {
            "total": 0.01244195899926126,
            "count": 1,
            "self": 0.01244195899926126
        },
        "TrainerController.start_learning": {
            "total": 54.65730229100063,
            "count": 1,
            "self": 0.002637409997987561,
            "children": {
                "TrainerController._reset_env": {
                    "total": 14.207622292000451,
                    "count": 1,
                    "self": 14.207622292000451
                },
                "TrainerController.advance": {
                    "total": 40.360262298001544,
                    "count": 120,
                    "self": 0.0011075920037910691,
                    "children": {
                        "env_step": {
                            "total": 40.30025583399765,
                            "count": 120,
                            "self": 40.27429991300869,
                            "children": {
                                "SubprocessEnvManager._take_step": {
                                    "total": 0.02527479399486765,
                                    "count": 120,
                                    "self": 0.0008990429942059563,
                                    "children": {
                                        "TorchPolicy.evaluate": {
                                            "total": 0.024375751000661694,
                                            "count": 29,
                                            "self": 0.024375751000661694
                                        }
                                    }
                                },
                                "workers": {
                                    "total": 0.0006811269940953935,
                                    "count": 119,
                                    "self": 0.0,
                                    "children": {
                                        "worker_root": {
                                            "total": 26.581635707001624,
                                            "count": 119,
                                            "is_parallel": true,
                                            "self": 0.29788053200354625,
                                            "children": {
                                                "steps_from_proto": {
                                                    "total": 0.0021433340007206425,
                                                    "count": 1,
                                                    "is_parallel": true,
                                                    "self": 0.0002494589998605079,
                                                    "children": {
                                                        "_process_rank_one_or_two_observation": {
                                                            "total": 0.0018938750008601346,
                                                            "count": 2,
                                                            "is_parallel": true,
                                                            "self": 0.0018938750008601346
                                                        }
                                                    }
                                                },
                                                "UnityEnvironment.step": {
                                                    "total": 26.281611840997357,
                                                    "count": 119,
                                                    "is_parallel": true,
                                                    "self": 0.003494137985398993,
                                                    "children": {
                                                        "UnityEnvironment._generate_step_input": {
                                                            "total": 0.005472250000821077,
                                                            "count": 119,
                                                            "is_parallel": true,
                                                            "self": 0.005472250000821077
                                                        },
                                                        "communicator.exchange": {
                                                            "total": 26.262574042006236,
                                                            "count": 119,
                                                            "is_parallel": true,
                                                            "self": 26.262574042006236
                                                        },
                                                        "steps_from_proto": {
                                                            "total": 0.010071411004901165,
                                                            "count": 119,
                                                            "is_parallel": true,
                                                            "self": 0.0033811559924288304,
                                                            "children": {
                                                                "_process_rank_one_or_two_observation": {
                                                                    "total": 0.006690255012472335,
                                                                    "count": 238,
                                                                    "is_parallel": true,
                                                                    "self": 0.006690255012472335
                                                                }
                                                            }
                                                        }
                                                    }
                                                }
                                            }
                                        }
                                    }
                                }
                            }
                        },
                        "trainer_advance": {
                            "total": 0.0588988720000998,
                            "count": 119,
                            "self": 0.0008964100006778608,
                            "children": {
                                "process_trajectory": {
                                    "total": 0.05800246199942194,
                                    "count": 119,
                                    "self": 0.05800246199942194
                                }
                            }
                        }
                    }
                },
                "trainer_threads": {
                    "total": 1.3750004654866643e-06,
                    "count": 1,
                    "self": 1.3750004654866643e-06
                },
                "TrainerController._save_models": {
                    "total": 0.08677891600018484,
                    "count": 1,
                    "self": 0.000488081999719725,