{
    "name": "root",
    "metadata": {
        "timer_format_version": "0.1.0",
        "start_time_seconds": "1754301282",
        "python_version": "3.10.12 (main, Jul  5 2023, 15:02:25) [Clang 14.0.6 ]",
        "command_line_arguments": "/Users/sebastianofiorese/miniconda3/envs/mlagents/bin/mlagents-learn configs/arm_config.yaml --run-id=arm6",
        "mlagents_version": "1.1.0",
        "mlagents_envs_version": "1.1.0",
        "communication_protocol_version": "1.5.0",
        "pytorch_version": "2.1.1",
        "numpy_version": "1.23.5",
        "end_time_seconds": "1754301312"
    },
    "total": 29.619060999999874,
    "count": 1,
    "self": 0.0018675419998999132,
    "children": {
        "run_training.setup": {
            "total": 0.013449250000121538,
            "count": 1,
            "self": 0.013449250000121538
        },
        "TrainerController.start_learning": {
            "total": 29.603744207999853,
            "count": 1,
            "self": 0.0003892509998877358,
            "children": {
                "TrainerController._reset_env": {
                    "total": 4.526673125000116,
                    "count": 1,
                    "self": 4.526673125000116
                },
                "TrainerController.advance": {
                    "total": 25.057724582999754,
                    "count": 36,
                    "self": 0.00026787199976752163,
                    "children": {
                        "env_step": {
                            "total": 25.051521544000025,
                            "count": 36,
                            "self": 25.04136813300147,
                            "children": {
                                "SubprocessEnvManager._take_step": {
                                    "total": 0.009964872999717045,
                                    "count": 36,
                                    "self": 0.0006428310011870053,
                                    "children": {
                                        "TorchPolicy.evaluate": {
                                            "total": 0.00932204199853004,
                                            "count": 28,
                                            "self": 0.00932204199853004
                                        }
                                    }
                                },
                                "workers": {
                                    "total": 0.00018853799883800093,
                                    "count": 35,
                                    "self": 0.0,
                                    "children": {
                                        "worker_root": {
                                            "total": 18.365308873999766,
                                            "count": 35,
                                            "is_parallel": true,
                                            "self": 0.16479870800048957,
                                            "children": {
                                                "steps_from_proto": {
                                                    "total": 0.00028116700013924856,
                                                    "count": 1,
                                                    "is_parallel": true,
                                                    "self": 8.974999991551158e-05,
                                                    "children": {
                                                        "_process_rank_one_or_two_observation": {
                                                            "total": 0.00019141700022373698,
                                                            "count": 2,
                                                            "is_parallel": true,
                                                            "self": 0.00019141700022373698
                                                        }
                                                    }
                                                },
                                                "UnityEnvironment.step": {
                                                    "total": 18.200228998999137,
                                                    "count": 35,
                                                    "is_parallel": true,
                                                    "self": 0.0009472519996052142,
                                                    "children": {
                                                        "UnityEnvironment._generate_step_input": {
                                                            "total": 0.0037401639995096048,
                                                            "count": 35,
                                                            "is_parallel": true,
                                                            "self": 0.0037401639995096048
                                                        },
                                                        "communicator.exchange": {
                                                            "total": 18.192213751000736,
                                                            "count": 35,
                                                            "is_parallel": true,
                                                            "self": 18.192213751000736
                                                        },
                                                        "steps_from_proto": {
                                                            "total": 0.0033278319992859906,
                                                            "count": 35,
                                                            "is_parallel": true,
                                                            "self": 0.0010758749990600336,
                                                            "children": {
                                                                "_process_rank_one_or_two_observation": {
                                                                    "total": 0.002251957000225957,
                                                                    "count": 70,
                                                                    "is_parallel": true,
                                                                    "self": 0.002251957000225957
                                                                }
                                                            }
                                                        }
                                                    }
                                                }
                                            }
                                        }
                                    }
                                }
                            }
                        },
                        "trainer_advance": {
                            "total": 0.005935166999961439,
                            "count": 35,
                            "self": 0.0003512480006975238,
                            "children": {
                                "process_trajectory": {
                                    "total": 0.005583918999263915,
                                    "count": 35,
                                    "self": 0.005583918999263915
                                }
                            }
                        }
                    }
                },
                "trainer_threads": {
                    "total": 3.330001163703855e-07,
                    "count": 1,
                    "self": 3.330001163703855e-07
                },
                "TrainerController._save_models": {
                    "total": 0.018956915999979174,
                    "count": 1,
                    "self": 0.0002554160000727279,